127.0.0.1,"01/May/2021:21:01:04 +0400","\x16\x03\x01\x02\x00\x01\x00\x01\xFC\x03\x03\xE0\xDE\x96E\x95\xF4\x09\x9C2\x87@#\x07",400,150,-,-
127.0.0.1,"01/May/2021:21:01:04 +0400","\x16\x03\x01\x02\x00\x01\x00\x01\xFC\x03\x03\xE3S[SYa\xEC\xDB\x10\xFB\xFC\xC9c\xFBqS\x09\xDFdE\xFA\x9A0\x18W\x1B\xADH\x89\xCA",400,150,-,-
127.0.0.1,"01/May/2021:21:03:04 +0400","\x16\x03\x01\x02\x00\x01\x00\x01\xFC\x03\x037\xA1?e\xCAS\x07.aXv\x9C\xE7U\xC1\xED\x98Y\xEC\x02\x22tW\x13\xD7&_\x08X\xF11\xBB i\x83\xC4\x07\x94\xB3\x1CXr\xBFSTW\xEF~\x93\xAD\x05b\x22!\x9AT\x22\xBBBZ\xAD\xC5\x8E\x83\x5C\x00 ::\x13\x01\x13\x02\x13\x03\xC0+\xC0/\xC0,\xC00\xCC\xA9\xCC\xA8\xC0\x13\xC0\x14\x00\x9C\x00\x9D\x00/\x005\x01\x00\x01\x93JJ\x00\x00\x00\x17\x00\x00\xFF\x01\x00\x01\x00\x00",400,150,-,-
127.0.0.1,"01/May/2021:21:03:04 +0400","\x16\x03\x01\x02\x00\x01\x00\x01\xFC\x03\x03\x07\xEB9,\x86;\xCC\x92\xB0\x84\x05\xF9\xA3s8\xFC\x11\x81\x15GUF\xBA#U\xE5\x13Q\x08f\x07\xCC N\x0BC(\xC7\xD4\x12\xEA\x01\xC0\x88\xF6\xDE\x1Ab\xB67j\xBF\xE1E\x5C\x82\x16\xCF\xD5\xA4c\xE0\xB6\xD8\xFD\x00\x22",400,150,-,-
127.0.0.1,"01/May/2021:21:05:26 +0400","POST / HTTP/1.1",200,2166,http://ahb/,"Mozilla/5.0 (Windows NT 10.0; Win64; x64) AppleWebKit/537.36 (KHTML, like Gecko) Chrome/90.0.4430.93 Safari/537.36"
127.0.0.1,"01/May/2021:21:05:26 +0400","POST / HTTP/1.1",200,2166,http://ahb/,"Mozilla/5.0 (Windows NT 10.0; Win64; x64) AppleWebKit/537.36 (KHTML, like Gecko) Chrome/90.0.4430.93 Safari/537.36"
127.0.0.1,"01/May/2021:21:05:26 +0400","POST / HTTP/1.1",200,2166,http://ahb/,"Mozilla/5.0 (Windows NT 10.0; Win64; x64) AppleWebKit/537.36 (KHTML, like Gecko) Chrome/90.0.4430.93 Safari/537.36"
127.0.0.1,"01/May/2021:21:05:26 +0400","POST / HTTP/1.1",200,2166,http://ahb/,"Mozilla/5.0 (Windows NT 10.0; Win64; x64) AppleWebKit/537.36 (KHTML, like Gecko) Chrome/90.0.4430.93 Safari/537.36"
127.0.0.1,"01/May/2021:21:05:26 +0400","POST / HTTP/1.1",200,2166,http://ahb/,"Mozilla/5.0 (Windows NT 10.0; Win64; x64) AppleWebKit/537.36 (KHTML, like Gecko) Chrome/90.0.4430.93 Safari/537.36"
127.0.0.1,"01/May/2021:21:05:27 +0400","POST / HTTP/1.1",200,2166,http://ahb/,"Mozilla/5.0 (Windows NT 10.0; Win64; x64) AppleWebKit/537.36 (KHTML, like Gecko) Chrome/90.0.4430.93 Safari/537.36"
127.0.0.1,"01/May/2021:21:05:27 +0400","POST / HTTP/1.1",200,2166,http://ahb/,"Mozilla/5.0 (Windows NT 10.0; Win64; x64) AppleWebKit/537.36 (KHTML, like Gecko) Chrome/90.0.4430.93 Safari/537.36"
127.0.0.1,"01/May/2021:21:05:27 +0400","POST / HTTP/1.1",200,2166,http://ahb/,"Mozilla/5.0 (Windows NT 10.0; Win64; x64) AppleWebKit/537.36 (KHTML, like Gecko) Chrome/90.0.4430.93 Safari/537.36"
127.0.0.1,"01/May/2021:21:05:27 +0400","POST / HTTP/1.1",200,2166,http://ahb/,"Mozilla/5.0 (Windows NT 10.0; Win64; x64) AppleWebKit/537.36 (KHTML, like Gecko) Chrome/90.0.4430.93 Safari/537.36"
127.0.0.1,"01/May/2021:21:05:27 +0400","POST / HTTP/1.1",200,2166,http://ahb/,"Mozilla/5.0 (Windows NT 10.0; Win64; x64) AppleWebKit/537.36 (KHTML, like Gecko) Chrome/90.0.4430.93 Safari/537.36"
127.0.0.1,"01/May/2021:21:05:27 +0400","POST / HTTP/1.1",200,2166,http://ahb/,"Mozilla/5.0 (Windows NT 10.0; Win64; x64) AppleWebKit/537.36 (KHTML, like Gecko) Chrome/90.0.4430.93 Safari/537.36"
127.0.0.1,"01/May/2021:21:05:28 +0400","POST / HTTP/1.1",200,2166,http://ahb/,"Mozilla/5.0 (Windows NT 10.0; Win64; x64) AppleWebKit/537.36 (KHTML, like Gecko) Chrome/90.0.4430.93 Safari/537.36"
127.0.0.1,"01/May/2021:21:05:28 +0400","POST / HTTP/1.1",200,2166,http://ahb/,"Mozilla/5.0 (Windows NT 10.0; Win64; x64) AppleWebKit/537.36 (KHTML, like Gecko) Chrome/90.0.4430.93 Safari/537.36"
127.0.0.1,"01/May/2021:21:05:28 +0400","POST / HTTP/1.1",200,2166,http://ahb/,"Mozilla/5.0 (Windows NT 10.0; Win64; x64) AppleWebKit/537.36 (KHTML, like Gecko) Chrome/90.0.4430.93 Safari/537.36"
127.0.0.1,"01/May/2021:21:05:28 +0400","POST / HTTP/1.1",200,2166,http://ahb/,"Mozilla/5.0 (Windows NT 10.0; Win64; x64) AppleWebKit/537.36 (KHTML, like Gecko) Chrome/90.0.4430.93 Safari/537.36"
127.0.0.1,"01/May/2021:21:05:28 +0400","POST / HTTP/1.1",200,2166,http://ahb/,"Mozilla/5.0 (Windows NT 10.0; Win64; x64) AppleWebKit/537.36 (KHTML, like Gecko) Chrome/90.0.4430.93 Safari/537.36"
127.0.0.1,"01/May/2021:21:05:28 +0400","POST / HTTP/1.1",200,2166,http://ahb/,"Mozilla/5.0 (Windows NT 10.0; Win64; x64) AppleWebKit/537.36 (KHTML, like Gecko) Chrome/90.0.4430.93 Safari/537.36"
127.0.0.1,"01/May/2021:21:05:29 +0400","POST / HTTP/1.1",200,2166,http://ahb/,"Mozilla/5.0 (Windows NT 10.0; Win64; x64) AppleWebKit/537.36 (KHTML, like Gecko) Chrome/90.0.4430.93 Safari/537.36"
127.0.0.1,"01/May/2021:21:05:29 +0400","POST / HTTP/1.1",200,2166,http://ahb/,"Mozilla/5.0 (Windows NT 10.0; Win64; x64) AppleWebKit/537.36 (KHTML, like Gecko) Chrome/90.0.4430.93 Safari/537.36"
127.0.0.1,"01/May/2021:21:05:29 +0400","POST / HTTP/1.1",200,2166,http://ahb/,"Mozilla/5.0 (Windows NT 10.0; Win64; x64) AppleWebKit/537.36 (KHTML, like Gecko) Chrome/90.0.4430.93 Safari/537.36"
127.0.0.1,"01/May/2021:21:05:29 +0400","POST / HTTP/1.1",200,2166,http://ahb/,"Mozilla/5.0 (Windows NT 10.0; Win64; x64) AppleWebKit/537.36 (KHTML, like Gecko) Chrome/90.0.4430.93 Safari/537.36"
127.0.0.1,"01/May/2021:21:05:29 +0400","POST / HTTP/1.1",200,2166,http://ahb/,"Mozilla/5.0 (Windows NT 10.0; Win64; x64) AppleWebKit/537.36 (KHTML, like Gecko) Chrome/90.0.4430.93 Safari/537.36"
127.0.0.1,"01/May/2021:21:05:29 +0400","POST / HTTP/1.1",200,2166,http://ahb/,"Mozilla/5.0 (Windows NT 10.0; Win64; x64) AppleWebKit/537.36 (KHTML, like Gecko) Chrome/90.0.4430.93 Safari/537.36"
127.0.0.1,"01/May/2021:21:05:30 +0400","POST / HTTP/1.1",200,2166,http://ahb/,"Mozilla/5.0 (Windows NT 10.0; Win64; x64) AppleWebKit/537.36 (KHTML, like Gecko) Chrome/90.0.4430.93 Safari/537.36"
127.0.0.1,"01/May/2021:21:05:30 +0400","POST / HTTP/1.1",200,2166,http://ahb/,"Mozilla/5.0 (Windows NT 10.0; Win64; x64) AppleWebKit/537.36 (KHTML, like Gecko) Chrome/90.0.4430.93 Safari/537.36"
127.0.0.1,"01/May/2021:21:05:30 +0400","POST / HTTP/1.1",200,2166,http://ahb/,"Mozilla/5.0 (Windows NT 10.0; Win64; x64) AppleWebKit/537.36 (KHTML, like Gecko) Chrome/90.0.4430.93 Safari/537.36"
127.0.0.1,"01/May/2021:21:05:30 +0400","POST / HTTP/1.1",200,2166,http://ahb/,"Mozilla/5.0 (Windows NT 10.0; Win64; x64) AppleWebKit/537.36 (KHTML, like Gecko) Chrome/90.0.4430.93 Safari/537.36"
127.0.0.1,"01/May/2021:21:05:30 +0400","POST / HTTP/1.1",200,2166,http://ahb/,"Mozilla/5.0 (Windows NT 10.0; Win64; x64) AppleWebKit/537.36 (KHTML, like Gecko) Chrome/90.0.4430.93 Safari/537.36"
